20210331,bitcoin knocking on door of 60 000 again on news from paypal visa and dapper labs,goldman to offer bitcoin and other crypto to wealthy investors,crypto is going to be the most significant macro event of my career says longtime investment analyst jim bianco
20210401,heres one way to find out everything you need to know about bitcoin and the crypto revolution underway,bitcoin backer microstrategy initiated at a buy at btig partly on the back of 95 000 forecast for the crypto by 2022,crypto is going to be the most significant macro event of my career says longtime investment analyst jim bianco
20210402,ether the no 2 crypto hit a record above 2 000 as bitcoin trades near 60 000 on good friday
20210403
20210404,heres one way to find out everything you need to know about bitcoin and the crypto revolution underway
20210405,heres one way to find out everything you need to know about bitcoin and the crypto revolution underway,the irs wants to know all about your bitcoin holdings and this court summons is a reminder
20210406,heres one way to find out everything you need to know about bitcoin and the crypto revolution underway,the irs wants to know all about your bitcoin holdings and this court summons is a reminder
20210407,u s is behind the curve on crypto regulations says sec commissioner peirce,china may be using bitcoin as financial weapon against u s says peter thiel,the irs wants to know all about your bitcoin holdings and this court summons is a reminder
20210408,you cant ignore bitcoin anymore warns morgan creeks mark yusko,why to one strategist bitcoins worth 120 000,its time for a bitcoin etf jan van eck and som seif say,the irs wants to know all about your bitcoin holdings and this court summons is a reminder,chinas bitcoin crackdown contradicts peter thiels belief that it is a financial weapon against u s,weve reached a tipping point on bitcoin adoption fidelitys tom jessop says
20210409,bitcoin bull novogratz says u s faces existential crisis if it cant engineer a digital dollar soon,its time for a bitcoin etf jan van eck and som seif say,the irs wants to know all about your bitcoin holdings and this court summons is a reminder,chinas bitcoin crackdown contradicts peter thiels belief that it is a financial weapon against u s,weve reached a tipping point on bitcoin adoption fidelitys tom jessop says
20210410,you cant ignore bitcoin anymore warns morgan creeks mark yusko,bitcoin bull novogratz says u s faces existential crisis if it cant engineer a digital dollar soon,its time for a bitcoin etf jan van eck and som seif say,the irs wants to know all about your bitcoin holdings and this court summons is a reminder,chinas bitcoin crackdown contradicts peter thiels belief that it is a financial weapon against u s,weve reached a tipping point on bitcoin adoption fidelitys tom jessop says,these money and investing tips can help you make a place for crypto in your portfolio 2021 04
20210411,you cant ignore bitcoin anymore warns morgan creeks mark yusko,bitcoin bull novogratz says u s faces existential crisis if it cant engineer a digital dollar soon,the irs wants to know all about your bitcoin holdings and this court summons is a reminder,chinas bitcoin crackdown contradicts peter thiels belief that it is a financial weapon against u s,these money and investing tips can help you make a place for crypto in your portfolio 2021 04
20210412,why to one strategist bitcoins worth 120 000,the irs wants to know all about your bitcoin holdings and this court summons is a reminder
20210413,coinbase ipo everything you need to know about the watershed moment in crypto,bitcoin sets new record trading above 62 000,the irs wants to know all about your bitcoin holdings and this court summons is a reminder,its really hard to get people to give money to strangers on the internet coinbase ceos charity enlists ambassadors to help donate cryptocurrency,tax cheats cost the u s far more than previously thought and cryptocurrency is part of the problem irs commissioner says
20210414,coinbase ipo everything you need to know about the watershed moment in crypto,coinbase stock pops after going public with crypto company valued above 100 billion,tax cheats cost the u s far more than previously thought and cryptocurrency is part of the problem irs commissioner says,this new etf gets you access to the backbone of blockchain and crypto,coinbase has fueled a lot of frenzy and that never ends well bitcoin bull novogratz tells marketwatch
20210415,crypto for the long term whats the outlook,crypto mania will remain a force to be reckoned with after the coinbase frenzy subsides this asset manager says,partisan battle brews over granting crypto other firms new fintech banking charters,tax cheats cost the u s far more than previously thought and cryptocurrency is part of the problem irs commissioner says
20210416,crypto for the long term whats the outlook,this dogecoin chart offers the clearest explanation for the buzz surrounding the joke crypto,tax cheats cost the u s far more than previously thought and cryptocurrency is part of the problem irs commissioner says,bitcoin falls as turkey bans cryptocurrency payments
20210417,crypto for the long term whats the outlook,this dogecoin chart offers the clearest explanation for the buzz surrounding the joke crypto,coinbase has fueled a lot of frenzy and that never ends well bitcoin bull novogratz tells marketwatch,tax cheats cost the u s far more than previously thought and cryptocurrency is part of the problem irs commissioner says
20210418,coinbase hangover heres why bitcoin may be suffering its steepest slide since february,crypto for the long term whats the outlook,tax cheats cost the u s far more than previously thought and cryptocurrency is part of the problem irs commissioner says
20210419,forget bitcoins weekend slump watch these 2 key levels for what happens next strategist says,tax cheats cost the u s far more than previously thought and cryptocurrency is part of the problem irs commissioner says
20210420,the cryptocurrency dogecoin began as a joke and now its worth more than ford,i dont think this is a bubble at all in bitcointhis is the beginning of a mainstreaming of it says stock market pro bill miller,overstock ceo says coinbase robinhood are in its crosshairs as it builds out rival crypto trading venue,tax cheats cost the u s far more than previously thought and cryptocurrency is part of the problem irs commissioner says,americas poverty rate just reached the highest level since the pandemic began and the spending life of u s teens chick fil a nike and bitcoin,the spending life of u s teens chick fil a nike and bitcoin
20210421,bitcoin bears are stalking crypto prices heres how low they could go,buy coinbase stock as crypto has reached an inflection point to legitimacy analyst says,i dont think this is a bubble at all in bitcointhis is the beginning of a mainstreaming of it says stock market pro bill miller,dogecoin armys campaign to drive crypto to 1 was a bustso why do bulls still feel vindicated 2021 04,tax cheats cost the u s far more than previously thought and cryptocurrency is part of the problem irs commissioner says,dogecoin armys campaign to drive crypto to 1 was a bustso why do bulls still feel vindicated,invest in electric vehicle batteries water tech and crypto applications to ride the green wave says ubs,the spending life of u s teens chick fil a nike and bitcoin
20210422,bitcoin bears are stalking crypto prices heres how low they could go,should i invest an ira in bitcoin how do i roll over old assets these financial pros answer our retirement questions,tax cheats cost the u s far more than previously thought and cryptocurrency is part of the problem irs commissioner says,dogecoin armys campaign to drive crypto to 1 was a bustso why do bulls still feel vindicated,invest in electric vehicle batteries water tech and crypto applications to ride the green wave says ubs
20210423,bitcoin drops below 50 000 dented by rising u s tax worries,how wyoming became the promised land for bitcoin investors,tax cheats cost the u s far more than previously thought and cryptocurrency is part of the problem irs commissioner says,coinbase stock drops toward a 5th straight loss as bitcoin extends selloff 2021 04
20210424,tax cheats cost the u s far more than previously thought and cryptocurrency is part of the problem irs commissioner says,bitcoin millionaire puts money on greens in german election,how wyoming became the promised land for bitcoin investors,coinbase stock drops toward a 5th straight loss as bitcoin extends selloff 2021 04
20210425,bitcoin drops below 50 000 dented by rising u s tax worries,how wyoming became the promised land for bitcoin investors,tax cheats cost the u s far more than previously thought and cryptocurrency is part of the problem irs commissioner says
20210426,bitcoin rebounds above 50 000 after a recent string of losses,how wyoming became the promised land for bitcoin investors,trevor lawrence expected to be the no 1 pick in the nfl draft signs endorsement deal with crypto app blockfolio,tax cheats cost the u s far more than previously thought and cryptocurrency is part of the problem irs commissioner says
20210427,tax cheats cost the u s far more than previously thought and cryptocurrency is part of the problem irs commissioner says
20210428,top forecaster yves lamoureux surveys the current investing landscape from stocks to cryptos and sees just 2 ways to go,elon musk dubs himself the dogefather in snl promo tweet prompting real people to invest actual money in joke crypto,tax cheats cost the u s far more than previously thought and cryptocurrency is part of the problem irs commissioner says
20210429,digital currency ether hits all time high as bitcoin dominance fades,this software engineer used cryptocurrency to buy his dream home but the process wasnt entirely straightforward,trevor lawrence expected to be the no 1 pick in the nfl draft signs endorsement deal with crypto app blockfolio,tax cheats cost the u s far more than previously thought and cryptocurrency is part of the problem irs commissioner says
20210430,this software engineer used cryptocurrency to buy his dream home but the process wasnt entirely straightforward,trevor lawrence expected to be the no 1 pick in the nfl draft signs endorsement deal with crypto app blockfolio
20210501,berkshires munger bitcoin rise disgusting and contrary to interests of civilization 2021 05,this software engineer used cryptocurrency to buy his dream home but the process wasnt entirely straightforward
20210502,this software engineer used cryptocurrency to buy his dream home but the process wasnt entirely straightforward,charlie munger says bitcoins rise disgusting and contrary to interests of civilization,tax cheats cost the u s far more than previously thought and cryptocurrency is part of the problem irs commissioner says
20210503,top forecaster yves lamoureux surveys the current investing landscape from stocks to cryptos and sees just 2 ways to go,can ethereum prices hit 5 000 in a week thats what one crypto expert speculates as ether mints records,my employer paid me in crypto it rose 700 in value now he wants employees to return the crypto and accept dollars,charlie munger says bitcoins rise disgusting and contrary to interests of civilization
20210504,from stimulus checks and bitcoin to mask write offs read this checklist before the tax filing deadline on may 17,my employer paid me in crypto it rose 700 in value now he wants employees to return the crypto and accept dollars,why is dogecoins price spiking the crypto has surged 11 000 in 2021
20210505,as dogecoin extends record rise galaxys novogratz says its dangerous being a speculator in the crypto,novogratz says galaxys 1 2 billion planned bitgo tie up brings it a step closer to being goldman sachs of crypto,from stimulus checks and bitcoin to mask write offs read this checklist before the tax filing deadline on may 17,why is dogecoins price spiking the crypto has surged 11 000 in 2021
20210506,a new cryptocurrency called chia could push up hard drive prices for everyone,i have crypto fomo im too old to sit and hope i can make up for the lost time by safely investing my little bit of money 2021 05,from stimulus checks and bitcoin to mask write offs read this checklist before the tax filing deadline on may 17,square crushes earnings expectations as bitcoin boom continues
20210507,a total make or break for dogecoin says one crypto investor as elon musk prepares to host saturday night live,a new cryptocurrency called chia could push up hard drive prices for everyone,i have crypto fomo im too old to sit and hope i can make up for the lost time by safely investing my little bit of money 2021 05,from stimulus checks and bitcoin to mask write offs read this checklist before the tax filing deadline on may 17,how a beginner can try their hand at cryptocurrency mining
20210508,a total make or break for dogecoin says one crypto investor as elon musk prepares to host saturday night live,a new cryptocurrency called chia could push up hard drive prices for everyone,this software engineer used cryptocurrency to buy his dream home but the process wasnt entirely straightforward,i have crypto fomo im too old to sit and hope i can make up for the lost time by safely investing my little bit of money 2021 05,as dogecoin extends record rise galaxys novogratz says its dangerous being a speculator in the crypto,dogecoin nears 75 cents then slips as crypto pioneer silbert seen betting against parody coin ahead of elon musks snl guest host gig,from stimulus checks and bitcoin to mask write offs read this checklist before the tax filing deadline on may 17,cryptos and stocks like nio and tilray are crucially linked heres what you need to watch says this strategist,my employer paid me in crypto it rose 700 in value now he wants employees to return the crypto and accept dollars,how a beginner can try their hand at cryptocurrency mining
20210509,a new cryptocurrency called chia could push up hard drive prices for everyone,this software engineer used cryptocurrency to buy his dream home but the process wasnt entirely straightforward,i have crypto fomo im too old to sit and hope i can make up for the lost time by safely investing my little bit of money 2021 05,dogecoin nears 75 cents then slips as crypto pioneer silbert seen betting against parody coin ahead of elon musks snl guest host gig,from stimulus checks and bitcoin to mask write offs read this checklist before the tax filing deadline on may 17,what the dogecoin army is saying as the cryptos 30 tumble triggers a bearish break of a long term trend line,my employer paid me in crypto it rose 700 in value now he wants employees to return the crypto and accept dollars,how a beginner can try their hand at cryptocurrency mining
20210510,this software engineer used cryptocurrency to buy his dream home but the process wasnt entirely straightforward,i have crypto fomo im too old to sit and hope i can make up for the lost time by safely investing my little bit of money 2021 05,protecting your bitcoin billions from uncle sam,from stimulus checks and bitcoin to mask write offs read this checklist before the tax filing deadline on may 17,ethereum price swoons after record peak bitcoin momentum fizzles as crypto market faces late monday slump,what the dogecoin army is saying as the cryptos 30 tumble triggers a bearish break of a long term trend line,my employer paid me in crypto it rose 700 in value now he wants employees to return the crypto and accept dollars
20210511,dogecoin copycats are driving up ethereum fees and vexing parts of the crypto community,i have crypto fomo im too old to sit and hope i can make up for the lost time by safely investing my little bit of money 2021 05,from stimulus checks and bitcoin to mask write offs read this checklist before the tax filing deadline on may 17,what the dogecoin army is saying as the cryptos 30 tumble triggers a bearish break of a long term trend line,dogecoin copycats are driving up ethereum fees and vexing parts of the crypto community 2021 05,biggest risk for crypto its own success says founder of worlds largest hedge fund ray dalio,use dogecoin to buy a model y elon musk wants to know if tesla should accept the crypto
20210512,from stimulus checks and bitcoin to mask write offs read this checklist before the tax filing deadline on may 17,gasbuddy jumps to no 1 on apple overtakes crypto focused coinbase app as gasoline prices hit 3 for first time in 6 1 2 years,biggest risk for crypto its own success says founder of worlds largest hedge fund ray dalio,use dogecoin to buy a model y elon musk wants to know if tesla should accept the crypto,tesla stock and bitcoin drop after elon musk says car sales with crypto will be halted due to energy usage of mining,ackman says he kicks himself for not understanding crypto like bitcoin but says it has no intrinsic value,coinbase earnings the crypto platforms stock could see 65 skid as competition picks up says one analyst
20210513,etf wrap is a new crypto fund the long awaited bitcoin etf in disguise,crypto winter bitcoin lurches to lowest level in months and alts like dogecoin sink 48 from peak,dogecoin is coming to crypto platform coinbase in 2 months says ceo,crypto winter bitcoin lurches to lowest level in months and alts like dogecoin sink 48 from peak 2021 05,to all those who say bitcoin is the new gold you havent lived long enough
20210514,a bitcoin battle of the billionaires ensues as jack dorsey faces off with musk on green merits of worlds no 1 crypto,dogecoin will migrate to proof of work from proof of stake to make it viable predicts head of crypto lending platform,dogecoin prices surge 40 higher but heres one sign the crypto is headed for a lasting breakout analysts say,weekend reads is bitcoin the new gold,rather than will cryptos drop to zero investors should be asking this question instead says strategist,dogecoin will migrate from proof of work to proof of stake to make it viable predicts head of crypto lending platform 2021 05,bitcoin extortion how cryptocurrency has enabled a massive surge in ransomware attacks
20210515,a bitcoin battle of the billionaires ensues as jack dorsey faces off with musk on green merits of worlds no 1 crypto,dogecoin prices surge 40 higher but heres one sign the crypto is headed for a lasting breakout analysts say 2021 05,dogecoin will migrate to proof of work from proof of stake to make it viable predicts head of crypto lending platform,dogecoin prices surge 40 higher but heres one sign the crypto is headed for a lasting breakout analysts say,weekend reads is bitcoin the new gold,rather than will cryptos drop to zero investors should be asking this question instead says strategist,bitcoin extortion how cryptocurrency has enabled a massive surge in ransomware attacks
20210516,a bitcoin battle of the billionaires ensues as jack dorsey faces off with musk on green merits of worlds no 1 crypto,i have crypto fomo im too old to sit and hope i can make up for the lost time by safely investing my little bit of money 2021 05,dogecoin will migrate to proof of work from proof of stake to make it viable predicts head of crypto lending platform,dogecoin prices surge 40 higher but heres one sign the crypto is headed for a lasting breakout analysts say 2021 05,dogecoin prices surge 40 higher but heres one sign the crypto is headed for a lasting breakout analysts say 2021 05 15,to all those who say bitcoin is the new gold you havent lived long enough,elon musk implies tesla could dump its bitcoin holdings
20210517,bitcoin dogecoin lead wipeout of over half a trillion dollars in manic monday for crypto,a bitcoin battle of the billionaires ensues as jack dorsey faces off with musk on green merits of worlds no 1 crypto,dogecoin will migrate to proof of work from proof of stake to make it viable predicts head of crypto lending platform,elon musk impersonators cost consumers more than 2 million in cryptocurrency scams ftc says,crypto platform coinbases 5 skid on verge of yanking stock below 250 reference price,bitcoin is melting heres what a 30 drop from highs in the crypto may say about stock market risk sentiment,elon musk implies tesla could dump its bitcoin holdings
20210518,why is crypto safemoon trending and why is dave portnoy using it to diversify his bitcoin exposure,bitcoin at 250 000 in a year this rocket fuel will help it get there says former goldman sachs alum,crypto platform coinbases 5 skid on verge of yanking stock below 250 reference price,elon musk impersonators cost consumers more than 2 million in cryptocurrency scams ftc says
20210519,why chinas crypto crackdown helped spark a bitcoin crash and could feed a backlash,from stimulus checks and bitcoin to mask write offs read this checklist before the tax filing deadline on may 17,bitcoins 40 crash does feel like capitulation says crypto specialist but heres where the next crucial support level stands,why bitcoins bust and the crypto cult threatens all investors,why is crypto crashing will bitcoin prices ever recover heres what traders and investors say,heres how crypto stocks and funds are trading as bitcoin price plunges,as extreme fear grips bitcoin market heres what analysts say new investors should do amid crypto rout,as bitcoin and dogecoin plummet college students and graduates insist theyre going long on crypto
20210520,yesterday was a crazy day says coinbase official in apology for unreliability of our site apps during crypto chaos,i have crypto fomo im too old to sit and hope i can make up for the lost time by safely investing my little bit of money 2021 05,what bitcoins collapse could mean for your retirement,from stimulus checks and bitcoin to mask write offs read this checklist before the tax filing deadline on may 17,treasury wants businesses to report crypto transactions above 10 000,etf wrap bitcoin miner or gold miner heres where wall street winners put their bets,why is crypto crashing will bitcoin prices ever recover heres what traders and investors say,forget the crypto chaos look at this underappreciated sector for stock market gains says strategist
20210521,why companies like crypto platform coinbase are issuing a torrent of convertible bonds,bitcoin stages fresh selloff as china reiterates crypto crackdown plans,treasury wants businesses to report crypto transactions above 10 000,bitcoin is a con declarers media luminary barry diller,bitcoin bros mock paul krugman for comparing the crypto craze to a natural ponzi scheme,as bitcoin and dogecoin plummet college students and graduates insist theyre going long on crypto
20210522,bitcoin pizza day laszlo hanyecz spent 3 8 billion on pizzas in the summer of 2010 using the novel crypto,why chinas crypto crackdown helped spark a bitcoin crash and could feed a backlash,treasury wants businesses to report crypto transactions above 10 000,elon musk impersonators cost consumers more than 2 million in cryptocurrency scams ftc says,why bitcoins bust and the crypto cult threatens all investors,bitcoin is a con declarers media luminary barry diller,etf wrap bitcoin miner or gold miner heres where wall street winners put their bets,forget the crypto chaos look at this underappreciated sector for stock market gains says strategist,as bitcoin and dogecoin plummet college students and graduates insist theyre going long on crypto,my employer paid me in crypto it rose 700 in value now he wants employees to return the crypto and accept dollars
20210523,bitcoin pizza day laszlo hanyecz spent 3 8 billion on pizzas in the summer of 2010 using the novel crypto,bitcoin prices tumble 50 from peak and mark cuban calls the crypto crash the great unwind,why chinas crypto crackdown helped spark a bitcoin crash and could feed a backlash,bitcoin prices tumble 50 from peak and mark cuban calls the crypto crash the great unwind 2021 05,treasury wants businesses to report crypto transactions above 10 000,why bitcoins bust and the crypto cult threatens all investors,bitcoin is a con declarers media luminary barry diller,as bitcoin and dogecoin plummet college students and graduates insist theyre going long on crypto
20210524,where the crypto market goes from here is completely dependent on the stock market says digital asset tycoon barry silbert,treasury wants businesses to report crypto transactions above 10 000,bitcoin not even a reliable hedge for risk off events let alone inflation shocks nouriel roubini,dogecoin bitcoin prices climb as elon musk solicits help to improve meme coin talks sustainability with miners,i have some bitcoin says dalio at crypto conference personally id rather have bitcoin than a bond
20210525,crypto investor protection talk heats up as lawmakers also hope to allow buyers to dogecoin to their hearts content,dogecoin bitcoin prices climb as elon musk solicits help to improve meme coin talks sustainability with miners,where the crypto market goes from here is completely dependent on the stock market says digital asset tycoon barry silbert,treasury wants businesses to report crypto transactions above 10 000
20210526,crypto investor protection talk heats up as lawmakers also hope to allow buyers to dogecoin to their hearts content,irresponsible bitcoin ads banned for being misleading,the worlds best chess players are competing for bitcoin the prize pot is volatile,treasury wants businesses to report crypto transactions above 10 000,sec chairman says americans need a cop on the beat to protect investors from crypto fraud,carl icahn says crypto may be here to stay but has never bought any,bitcoin shock waves can rattle stock market study finds no longer fringe asset
20210527,treasury wants businesses to report crypto transactions above 10 000,elon musk impersonators cost consumers more than 2 million in cryptocurrency scams ftc says,bitcoin and bonds wont cut it buy these 6 types of assets for protection in a bear market says strategist,nvidia is trying to prevent another crypto hangover and analysts think its a smart move,bitcoin gamestop and nio bets turned this flight attendant into a millionaire now hes wagering it all in one final push to 3 million
20210528,treasury wants businesses to report crypto transactions above 10 000,a bloody crypto memorial day weekend some bitcoin bulls are dreading the long u s holiday break,police raided a suspected cannabis farm only to find an illegal bitcoin mining operation reports,why bitcoin holders have no choice but to trust in chinese crypto miners,bitcoin gamestop and nio bets turned this flight attendant into a millionaire now hes wagering it all in one final push to 3 million
20210529,crypto boom is just the icing on top of a sweet year for nvidia,treasury wants businesses to report crypto transactions above 10 000,a bloody crypto memorial day weekend some bitcoin bulls are dreading the long u s holiday break,bitcoin and bonds wont cut it buy these 6 types of assets for protection in a bear market says strategist,police raided a suspected cannabis farm only to find an illegal bitcoin mining operation reports,why bitcoin holders have no choice but to trust in chinese crypto miners,bitcoin gamestop and nio bets turned this flight attendant into a millionaire now hes wagering it all in one final push to 3 million
20210530,treasury wants businesses to report crypto transactions above 10 000,a bloody crypto memorial day weekend some bitcoin bulls are dreading the long u s holiday break,police raided a suspected cannabis farm only to find an illegal bitcoin mining operation reports,why bitcoin holders have no choice but to trust in chinese crypto miners,bitcoin is headed toward its worst month since 2011 rich dad poor dad author says thats great news,bitcoin gamestop and nio bets turned this flight attendant into a millionaire now hes wagering it all in one final push to 3 million
20210531,treasury wants businesses to report crypto transactions above 10 000,a bloody crypto memorial day weekend some bitcoin bulls are dreading the long u s holiday break,police raided a suspected cannabis farm only to find an illegal bitcoin mining operation reports,bitcoin is headed toward its worst month since 2011 rich dad poor dad author says thats great news,bitcoin gamestop and nio bets turned this flight attendant into a millionaire now hes wagering it all in one final push to 3 million
20210601,what are crypto credit cards and should you get one,coinbases stock rises as crypto platform says u s customers can use debit card in apple google wallets,no financial advisers expected to recommend bitcoin and dogecoin to clients heres how many now suggest buying crypto,treasury wants businesses to report crypto transactions above 10 000
20210602,dogecoin surges more than 30 and the crypto army cheers as coinbase pro network opens to transfers,criticism of bitcoins carbon footprint is overblown its greener than many think,a digital ruble crypto is the future of russias financial system says elvira nabiullina,treasury wants businesses to report crypto transactions above 10 000
20210603,is bitcoin the best place for your money,cryptos meme stocks nine figure delis all are bad signs for the broader stock market,treasury wants businesses to report crypto transactions above 10 000,let the crypto price wars begin as robinhood touts commission free trade vs coinbase rivals
20210604,elon musk is definitely too influential on bitcoin prices says head of crypto hedge fundbut that may change,treasury wants businesses to report crypto transactions above 10 000,elon musk breaks up with bitcoin cryptic tweet has some crypto bulls fearing the worst,cryptos meme stocks nine figure delis all are bad signs for the broader stock market,let the crypto price wars begin as robinhood touts commission free trade vs coinbase rivals
20210605,elon musk is definitely too influential on bitcoin prices says head of crypto hedge fundbut that may change,is bitcoin the best place for your money,square eyeing creation of bitcoin hardware wallet jack dorsey tweets,treasury wants businesses to report crypto transactions above 10 000,elon musk breaks up with bitcoin cryptic tweet has some crypto bulls fearing the worst,cryptos meme stocks nine figure delis all are bad signs for the broader stock market,celebrities and social media influencers touting crypto and spacs are not automatic likes,let the crypto price wars begin as robinhood touts commission free trade vs coinbase rivals
20210606,elon musk is definitely too influential on bitcoin prices says head of crypto hedge fundbut that may change,square eyeing creation of bitcoin hardware wallet jack dorsey tweets,treasury wants businesses to report crypto transactions above 10 000,elon musks crypto tweets have destroyed lives says video purportedly from anonymous,el salvador president to propose bitcoin as legal tender
20210607,treasury wants businesses to report crypto transactions above 10 000,elon musks crypto tweets have destroyed lives says video purportedly from anonymous,microstrategy aims to buy more bitcoin with 400 million senior secured offering,doj says millions of dollars of bitcoin reclaimed from ransom paid to colonial pipeline hackers,bitcoin faces fresh scrutiny as police call for new powers to freeze crypto assets in the u k
20210608,bitcoin skids to 2 week low but technical analyst says slump not a decisive breakdown until crypto does this,treasury wants businesses to report crypto transactions above 10 000,how did federal agents recover bitcoin and access a crypto wallet tied to the colonial pipeline cyberattack
20210609,bitcoin is legal tender in el salvador what does it mean for the broader crypto market some bulls think it could be huge,coinbase globals stock rises 2 even as crypto platform gets hit with bearish raymond james report,treasury wants businesses to report crypto transactions above 10 000,how did federal agents recover bitcoin and access a crypto wallet tied to the colonial pipeline cyberattack,crypto q a ethereum as gas for the digital economy decentralizations high costs and hurdles to mass adoption
20210610,treasury wants businesses to report crypto transactions above 10 000,u s investors blew away the rest of the world with bitcoin gains in 2020 heres one reason why
20210611,treasury wants businesses to report crypto transactions above 10 000
20210612,cryptopunk nft sells for 11 8 million at sothebys,treasury wants businesses to report crypto transactions above 10 000
20210613,cryptopunk nft sells for 11 8 million at sothebys,bitcoin is legal tender in el salvador what does it mean for the broader crypto market some bulls think it could be huge,treasury wants businesses to report crypto transactions above 10 000,musk says tesla sold about 10 of bitcoin to test market and will resume allowing crypto transactions when 50 of miners are green
20210614,suze orman says bitcoin is a place to put some money and just leave it,bitcoin price jumps 12 to roughly 3 week high to trade above 40 000,treasury wants businesses to report crypto transactions above 10 000,what you need to know to start investing in cryptocurrency right now,musk says tesla sold about 10 of bitcoin to test market and will resume allowing crypto transactions when 50 of miners are green
20210615,what you need to know to start investing in cryptocurrency right now
20210616,suze orman says bitcoin is a place to put some money and just leave it,if the sec oks bitcoin etfs it would be encouraging the most obvious speculative bubble in modern times,treasury wants businesses to report crypto transactions above 10 000,sec delays approval of bitcoin etf yet again
20210617
20210618,ownership of cryptos is booming and considered an alternative to mainstream investments according to research by u k regulators,crypto bull barry silbert said he bet on a leveraged stock market volatility fund earlier this week to some derisionnow its up 14,bitcoin slides toward worst day in 3 weeks leads cryptos friday skid along with stock market
20210619,ownership of cryptos is booming and considered an alternative to mainstream investments according to research by u k regulators,crypto bull barry silbert said he bet on a leveraged stock market volatility fund earlier this week to some derisionnow its up 14,if the sec oks bitcoin etfs it would be encouraging the most obvious speculative bubble in modern times
20210620,if the sec oks bitcoin etfs it would be encouraging the most obvious speculative bubble in modern times
20210621,was big short investor michael burry right about crypto and meme stocks facing mother of all crashes,after china causes bitcoin to crater threat of new u s regulations loom over crypto market experts say
20210622,bitcoin just broke below 30 000 for first time since january and it is likely we may see more panic in the market,was big short investor michael burry right about crypto and meme stocks facing mother of all crashes,after china causes bitcoin to crater threat of new u s regulations loom over crypto market experts say,as crypto crash wipes out 1 3 trillion heres what some pros advise about buying bitcoin dogecoin other assets
20210623,sec chief focuses on zero commission trades and spacs rather than crypto in speech
20210624,heres how much bitcoin is worth says jpmorgan as crypto faces this summer headwind
20210625,dogecoin meme crypto shiba inu scores modest fillip from elon musk twitter mention 2021 06,elon musk jack dorsey plan bitcoin chat at july event and ark invests cathie wood thinks its brilliant,dogecoin meme crypto shiba inu scores modest fillip from elon musk twitter mention,crypto congressman warren davidson sees momentum building for pro bitcoin legislation,this chart setup suggests bitcoin will crash to single digit thousands fund manager says,heres how much bitcoin is worth says jpmorgan as crypto faces this summer headwind
20210626,dogecoin meme crypto shiba inu scores modest fillip from elon musk twitter mention 2021 06,as crypto crash wipes out 1 3 trillion heres what some pros advise about buying bitcoin dogecoin other assets,elon musk jack dorsey plan bitcoin chat at july event and ark invests cathie wood thinks its brilliant,crypto analyst warns of weekend tumble as bitcoin bull points to daisy chain of borrowers and lenders,crypto congressman warren davidson sees momentum building for pro bitcoin legislation,heres how much bitcoin is worth says jpmorgan as crypto faces this summer headwind
20210627,dogecoin meme crypto shiba inu scores modest fillip from elon musk twitter mention 2021 06,as crypto crash wipes out 1 3 trillion heres what some pros advise about buying bitcoin dogecoin other assets,elon musk jack dorsey plan bitcoin chat at july event and ark invests cathie wood thinks its brilliant,crypto analyst warns of weekend tumble as bitcoin bull points to daisy chain of borrowers and lenders,crypto exchange binance ordered to cease activity in u k,crypto congressman warren davidson sees momentum building for pro bitcoin legislation
20210628,cathie woods ark invest just applied to offer the first bitcoin etf,one of the largest owners of bitcoin who reportedly held as much as 1 billion is dead at 41 reports,crypto congressman warren davidson sees momentum building for pro bitcoin legislation,tom bradys bitcoin play has been a bust despite his laser eyes offensivenow the 7 time super bowl champ is taking advice
20210629,one of the largest owners of bitcoin who reportedly held as much as 1 billion is dead at 41 reports,cathie woods ark invest just applied to offer the first bitcoin etf,bitcoin ether dogecoin rebound as binance ban seen highlighting crypto maturation,government must have power to reverse crypto transactions says co chair of blockchain caucus,if the sec oks bitcoin etfs it would be encouraging the most obvious speculative bubble in modern times
20210630,bitcoin and ether head for worst second quarter on record for the worlds no 1 and 2 crypto
20210701,10 rules every beginning crypto trader should obey so you dont lose your shirt,dogecoin whale robinhood reveals the meme crypto as one of its biggest risk factors in ipo filing,what it might take to convert the largest bitcoin fund into the u s s first etf,what you need to know to start investing in cryptocurrency right now
20210702,bitcoin pros speculate over possible loss of 2 billion crypto fortune after death of one large owner
20210703,10 rules every beginning crypto trader should obey so you dont lose your shirt,dogecoin whale robinhood reveals the meme crypto as one of its biggest risk factors in ipo filing,bitcoin pros speculate over possible loss of 2 billion crypto fortune after death of one large owner,what it might take to convert the largest bitcoin fund into the u s s first etf
20210704,10 rules every beginning crypto trader should obey so you dont lose your shirt,dogecoin whale robinhood reveals the meme crypto as one of its biggest risk factors in ipo filing,bitcoin pros speculate over possible loss of 2 billion crypto fortune after death of one large owner,what it might take to convert the largest bitcoin fund into the u s s first etf
20210705,bitcoin prices slump erasing weekend gains
20210706
20210707
20210708,elizabeth warren warns crypto scams continue to surge on exchanges calls for sec regulation
20210709
20210710,bitcoin etfs likely wouldnt be bearish for crypto but they might not be right for you
20210711,bitcoin etfs likely wouldnt be bearish for crypto but they might not be right for you
20210712,a 101 carat diamond just sold for 12 3 million in crypto
20210713
20210714,secs republicans blast regulator for latest crypto order,a 29 year old crypto billionaire has goldman cme group in his crosshairs as his exchanges aims to surpass coinbase,identity thief used burner phones and apple pay to buy diamond encrusted bitcoin medallion and actual bitcoin too,u s needs a strong regulatory framework for stablecoins feds powell warns crypto investors
20210715,square to build open developer platform with bitcoin focus 2021 07
20210716,nfl star saquon barkley will accept all future endorsement money in bitcoin
20210717,nfl star saquon barkley will accept all future endorsement money in bitcoin
20210718,nfl star saquon barkley will accept all future endorsement money in bitcoin
20210719,nfl star saquon barkley will accept all future endorsement money in bitcoin,4 mistakes too many new cryptocurrency investors make,bitcoin heads toward lowest level in 2021 as cryptos slide continues with stock market rout
20210720,bitcoin slips below 30 000 key support as stock market rebound leaves cryptos behind,4 mistakes too many new cryptocurrency investors make
20210721,bitcoin rises as elon musk says i might pump but i dont dump
20210722,more than 1 in 10 americans invested in crypto this year heres how they differ from stock market investors
20210723,more than 1 in 10 americans invested in crypto this year heres how they differ from stock market investors,ethereum the no 2 behind bitcoin fights off challengers that offer cheaper and faster blockchains
20210724,more than 1 in 10 americans invested in crypto this year heres how they differ from stock market investors,ethereum the no 2 behind bitcoin fights off challengers that offer cheaper and faster blockchains
20210725,bitcoin rallies tops key technical level for first time since early may
20210726,ethereum the no 2 behind bitcoin fights off challengers that offer cheaper and faster blockchains,more than 1 in 10 americans invested in crypto this year heres how they differ from stock market investors,4 reasons the bitcoin price is making a run at 40 000
20210727
20210728
20210729,crypto allies rally against ignorant new tax rules in bipartisan infrastructure deal
20210730,crypto allies rally against ignorant new tax rules in bipartisan infrastructure deal
20210731,crypto allies rally against ignorant new tax rules in bipartisan infrastructure deal
20210801
20210802,what new crypto tax rules would mean for average investors and miners
20210803,what new crypto tax rules would mean for average investors and miners,sec chair gensler says crypto rife with fraud scams and abuses threatens national security,this crypto scam bilked investors out of 11 million and paid action star steven seagal to promote it
20210804,sec chair gensler says crypto rife with fraud scams and abuses threatens national security,this crypto scam bilked investors out of 11 million and paid action star steven seagal to promote it,senators move to exempt bitcoin crypto miners from proposed u s tax rules,the brewing turf war in crypto regulation shows congress must step in experts say
20210805,secs gary gensler may have just laid out the clearest road map to the first u s bitcoin etf,bitcoin cryptocurrencies and your retirement savings what to do and what not to do
20210806
20210807
20210808
20210809,bipartisan infrastructure bill looks set to pass senate without changes sought by crypto advocates,bitcoin has a shot at 100 000 in everything rally that sweeps up stock market fundstrats tom lee predicts,bitcoin jumps to nearly 3 month high as crypto attempts to clear next hurdle at 51 000 analyst says
20210810
20210811,is bitcoin the best place for your money
20210812,leo messi will receive part his pay in cryptocurrency should you do the same
20210813,leo messi will receive part his pay in cryptocurrency should you do the same
20210814,what is decentralized finance an expert on bitcoins and blockchains explains the risks and rewards of defi,nixon reshaped the world economy 50 years ago is crypto on the brink of doing the same now
20210815,what is decentralized finance an expert on bitcoins and blockchains explains the risks and rewards of defi,nixon reshaped the world economy 50 years ago is crypto on the brink of doing the same now
20210816
20210817,crypto is 95 fraud hype noise and confusion says feds neel kashkari,what is decentralized finance an expert on bitcoins and blockchains explains the risks and rewards of defi,7 burning bitcoin questions for your retirement plans,nixon reshaped the world economy 50 years ago is crypto on the brink of doing the same now
20210818,crypto is 95 fraud hype noise and confusion says feds neel kashkari,robinhood capitalizes on strong crypto interest in first earnings report,7 burning bitcoin questions for your retirement plans,bitcoin is king of crypto but ethereums ascent to the top of the cryptoverse seems unstoppable says analyst
20210819
20210820
20210821
20210822
20210823,why did visa just buy a cryptopunk nft for 150 000 the payments giant wants a seat at the table as the crypto economy evolves,bitcoin 100 000 bulls see crypto at 50 000 as a pit stop to much higher prices,all 610 million in stolen crypto assets returned by hacker poly network says
20210824
20210825
20210826
20210827,why bitcoin and crypto are scoring a boost from powells dovish jackson hole remarks
20210828,coinbase is on its way to becoming one stop shop for all things crypto analyst says
20210829,coinbase is on its way to becoming one stop shop for all things crypto analyst says
20210830
20210831,ether breaks above 3 400 as scaling solution arbitrum one launches to public bitcoin continues to trade sideways,tennis star naomi osaka says dogecoin got her interested in crypto
20210901,sec accuses crypto platform bitconnect founder of bilking investors out of 2 billion 2021 09,crypto has no border or boundaries secs gensler tells european regulators,tennis star naomi osaka says dogecoin got her interested in crypto
20210902,who needs a bitcoin etf anyway it may hold little value for investors nowheres why,bitcoin rallies above 50 000 in a battle for new all time highs and potentially beyond,el salvador is making bitcoin legal tender but dont expect the dollar to disappear there
20210903
20210904,who needs a bitcoin etf anyway it may hold little value for investors nowheres why
20210905,who needs a bitcoin etf anyway it may hold little value for investors nowheres why
20210906
20210907,keep losing money on cryptos and meme stocks investors cant trust their memory new research shows,nba all star steph curry asks for crypto advice on twitter heres what people said,crypto traders blame bitcoins tuesday tumble partly on glitches at exchanges and a 44 million sale order,bitcoin briefly nose dives 18 dogecoin tumbles 30 and market stages wipeout as el salvador makes crypto legal currency,bitcoin day in el salvador ushers in the promise and peril of crypto
20210908,keep losing money on cryptos and meme stocks investors cant trust their memory new research shows,heres why coinbase is in hot water over crypto lending and how the sec is sending a shot across the bow for defi,el salvadors bitcoin experiment splits community amid major price decline,nba all star steph curry asks for crypto advice on twitter heres what people said
20210909,celsius ceo on coinbase sec dispute everybody in this business wants to have clarity on crypto lending,heres a safer way to invest in bitcoin and blockchain technology,heres why coinbase is in hot water over crypto lending and how the sec is sending a shot across the bow for defi,bitcoin could collapse and isnt a good safeguard of value warn global central bankers
20210910,supportcom shareholders approve merger with bitcoin miner greenidge stock falls 2021 09
20210911,keep losing money on cryptos and meme stocks investors cant trust their memory new research shows,heres a safer way to invest in bitcoin and blockchain technology,heres why coinbase is in hot water over crypto lending and how the sec is sending a shot across the bow for defi,nba all star steph curry asks for crypto advice on twitter heres what people said
20210912
20210913,litecoin spikes 20 after hoax reports that walmart would accept the cryptocurrency,litecoin hoax highlights crypto market vulnerable to scams walmart has no relationship with litecoin says big box retailer,ada plunges amid cryptocurrency selloff despite cardanos smart contract upgrade
20210914,billionaire steve cohen backs new cryptocurrency trading firm radkl 2021 09,gensler defends sec crypto policy before senate against charges of lack of clarity,coinbase initiated at junk levels by moodys citing uncertain regulatory environment and fierce competition in crypto,university of california student allegedly tapped into peoples cell phones to steal their cryptocurrency
20210915,ray dalio i have more gold than crypto,if they are going to regulate it they better do it quickly says skybridge capitals scaramucci about crypto,at end of the day if bitcoin is successful theyll kill it says founder of worlds largest hedge fund dalio
20210916,amcs deeper move into crypto cements adam aron as king silverback of meme stocks,critics fear secs gensler is seeking unlimited powers in crypto regulation
20210917,at end of the day if bitcoin is successful theyll kill it says founder of worlds largest hedge fund dalio,much cost averaging wow robinhood debuts recurring crypto trading,weekend reads crypto and the sniff test
20210918,microstrategy buys more than 5 000 bitcoins in 3 weeks while it sells its own stock,heres what leaders at coinbase ftx blockfi and other crypto companies are saying about regulation,weekend reads crypto and the sniff test
20210919,heres what leaders at coinbase ftx blockfi and other crypto companies are saying about regulation
20210920,coinbase ditches crypto lending program after receiving sec lawsuit threat,my recently widowed father 68 met a woman on facebook and sent her bitcoin so they could meet,crypto tumble overshadows bitcoins bullish bid for golden cross amid china contagion fear,the wall street debt machine pauses as chinas property woes rattle stocks crypto memes and more,much cost averaging wow robinhood debuts recurring crypto trading
20210921,we just bought the dip el salvador expands bitcoin holdings,a lot of people are going to get hurt on unregistered crypto exchanges secs gensler says,my recently widowed father 68 met a woman on facebook and sent her bitcoin so they could meet
20210922,my recently widowed father 68 met a woman on facebook and sent her bitcoin so they could meet,sec chairman gensler suggests college students start saving early and earn maybe 8 the crypto community was irked,robinhood doubles down on cryptocurrency with new wallet offering
20210923,why the debut of tipping bitcoin on twitter isnt just about tipping,my recently widowed father 68 met a woman on facebook and sent her bitcoin so they could meet
20210924,sen pat toomey presses sec chair gensler for crypto clarity,chinas crypto ban has almost achieved a meme like status but here are the lingering impacts,robinhood doubles down on cryptocurrency with new wallet offering,chinas crackdown on crypto notable for pboc call out of bitcoin ethereum and tether,the crypto industry could take tax fight all the way to the supreme court
20210925,why the debut of tipping bitcoin on twitter isnt just about tipping,sen pat toomey presses sec chair gensler for crypto clarity,chinas crypto ban has almost achieved a meme like status but here are the lingering impacts,robinhood doubles down on cryptocurrency with new wallet offering,chinas crackdown on crypto notable for pboc call out of bitcoin ethereum and tether,the crypto industry could take tax fight all the way to the supreme court
20210926,why the debut of tipping bitcoin on twitter isnt just about tipping,the crypto industry could take tax fight all the way to the supreme court
20210927,cryptos bounce back after fridays china fueled selloff as investors buy the dip
20210928,crypto trading hamster mr goxx is up over 16 since june,how to invest wisely in crypto and meme stocks two industry pros weigh in
20210929,affirms super app ambitions win praise as company plots debit crypto moves
20210930,heres why the crypto industry is fretting over the 1 trillion infrastructure bill
20211001
20211002
20211003,imf warns cryptoization of emerging economies could threaten growth financial stability
20211004,crypto complex recalls 1920s stock market with rampant speculation manipulation and theft says left leaning think tank,crypto from a pokemon go like game has nearly doubled in 4 days heres why axie infinity and its nfts are all the rage,crypto clash grayscales ceo says secs gensler shortsighted in backing a bitcoin futures etf
20211005
20211006
20211007
20211008,my father coerced me into giving him 100k for a lucrative cryptocurrency multi level marketing scheme i trusted him to act in my best interests,buying bitcoin or any other crypto is a huge leap of faith and you dont want to be the greater fool,white house weighs executive order on cryptocurrencies report 2021 10,wheres crypto headed after bitcoins recent rally marketwatch gathers pros to discuss the outlook sign up
20211009,buying bitcoin or any other crypto is a huge leap of faith and you dont want to be the greater fool,my father coerced me into giving him 100k for a lucrative cryptocurrency multi level marketing scheme i trusted him to act in my best interests,wheres crypto headed after bitcoins recent rally marketwatch gathers pros to discuss the outlook sign up,more than 60 nonprofits urge congress to consider crypto minings environmental damage when making rules
20211010,buying bitcoin or any other crypto is a huge leap of faith and you dont want to be the greater fool,my father coerced me into giving him 100k for a lucrative cryptocurrency multi level marketing scheme i trusted him to act in my best interests,wheres crypto headed after bitcoins recent rally marketwatch gathers pros to discuss the outlook sign up,a major crypto hedge fund manager expects bitcoin to tumble once the sec greenlights a bitcoin backed etfheres why
20211011,jp morgan ceo jamie dimon says bitcoin is worthless amid crypto bull run,buying bitcoin or any other crypto is a huge leap of faith and you dont want to be the greater fool,my father coerced me into giving him 100k for a lucrative cryptocurrency multi level marketing scheme i trusted him to act in my best interests,a major crypto hedge fund manager expects bitcoin to tumble once the sec greenlights a bitcoin backed etfheres why,more than 60 nonprofits urge congress to consider crypto minings environmental damage when making rules
20211012,jp morgan ceo jamie dimon says bitcoin is worthless amid crypto bull run,former boston fed president upbeat on digital dollar says it wont displace bitcoin stablecoins,my father coerced me into giving him 100k for a lucrative cryptocurrency multi level marketing scheme i trusted him to act in my best interests,bitcoin could hit 70 000 in december based on this valuation model some analysts say,space and crypto represent the next investing wave replacing electric vehicle companies
20211013,i teach cryptocurrency at nyu and was a visiting scholar at the federal reserve the 3 things every new crypto investor should know
20211014,coinbases stock heads to best day in over 2 months as btig reaffirms bullish call crypto prices climb,some investors are taking this sec tweet as a signal that a bitcoin futures etf could get approval,crypto is not a fad says morgan stanley ceo gorman its not going away,coinbase proposes crypto focused financial regulator to replace sec for oversight of digital assets,i teach cryptocurrency at nyu and was a visiting scholar at the federal reserve the 3 things every new crypto investor should know
20211015,bitcoin nears 60 000 but a bitcoin futures etf approval is likely already priced in one analyst says,i teach cryptocurrency at nyu and was a visiting scholar at the federal reserve the 3 things every new crypto investor should know,first u s bitcoin etf looks set to debut monday or tuesday from proshares trust,crypto bull pompliano says spot etf better for investors but beggars cant be choosers as sec seen nearing bitcoin futures approval
20211016,how does the irs wash sale rule work and does it apply to cryptocurrency losses,crypto bull pompliano says spot etf better for investors but beggars cant be choosers as sec seen nearing bitcoin futures approval,bitcoin nears 60 000 but a bitcoin futures etf approval is likely already priced in one analyst says,coinbase proposes crypto focused financial regulator to replace sec for oversight of digital assets,bitcoin mining power plant raises ire of environmentalists in new york,first u s bitcoin etf looks set to debut monday or tuesday from proshares trust,i teach cryptocurrency at nyu and was a visiting scholar at the federal reserve the 3 things every new crypto investor should know
20211017,how does the irs wash sale rule work and does it apply to cryptocurrency losses,crypto bull pompliano says spot etf better for investors but beggars cant be choosers as sec seen nearing bitcoin futures approval,investment advisers extremely skeptical about first u s bitcoin etf its a hard thing for rias to recommend an inferior crypto product,coinbase proposes crypto focused financial regulator to replace sec for oversight of digital assets,bitcoin mining power plant raises ire of environmentalists in new york,first u s bitcoin etf looks set to debut monday or tuesday from proshares trust,i teach cryptocurrency at nyu and was a visiting scholar at the federal reserve the 3 things every new crypto investor should know
20211018,the 2 reasons bitcoin could surge by 170 to 168 000 by year end as crypto linked etfs roll out,a spot bitcoin etf aint so great says proshares strategist ahead of providers futures linked fund,first u s bitcoin etf looks set to debut monday or tuesday from proshares trust,i teach cryptocurrency at nyu and was a visiting scholar at the federal reserve the 3 things every new crypto investor should know
20211019,the 2 reasons bitcoin could surge by 170 to 168 000 by year end as crypto linked etfs roll out,bitcoin 1 away from all time high proshares bitcoin strategy etf closes with 5 gain,sp 500 retakes 4500 and rises for fifth straight session to clinch longest win streak in 2 months bitcoin etf rises 2021 10,i teach cryptocurrency at nyu and was a visiting scholar at the federal reserve the 3 things every new crypto investor should know
20211020,bitcoin hits record high,owner of non profit science lab for children admits running secret bitcoin money laundering operation for drug dealers,i teach cryptocurrency at nyu and was a visiting scholar at the federal reserve the 3 things every new crypto investor should know
20211021,owner of non profit science lab for children admits running secret bitcoin money laundering operation for drug dealers,should i buy a bitcoin etf heres what some pros say you should consider
20211022,at some walmarts you can now buy bitcoin from a kiosk,weekend reads should you invest in a bitcoin etf,should i buy a bitcoin etf heres what some pros say you should consider
20211023,weekend reads should you invest in a bitcoin etf,should i buy a bitcoin etf heres what some pros say you should consider
20211024,an ether futures etf is next likely step after proshares watershed bitcoin moment a former sec official explains,i gave a talk about bitcoin at my dads rotary club and these are the questions people had,at some walmarts you can now buy bitcoin from a kiosk,should i buy a bitcoin etf heres what some pros say you should consider
20211025,rand paul says crypto could become the reserve currency of the world if more people lose trust in government
20211026,tom brady gives a fan one bitcoin in exchange for his 600th touchdown ball,shiba inu is the third most googled crypto in 2021 new study shows,robinhood stock falls more than 6 as crypto trading dries up,rand paul says crypto could become the reserve currency of the world if more people lose trust in government,wheres crypto headed after bitcoins recent rally marketwatch gathers pros to discuss the outlook sign up
20211027,grayscales lavalle expects the sec to approve its spot bitcoin etf by july 2022,worlds richest 29 year old says biggest risk to crypto is a cascade combining a big crash liquidations and u s regulatory crackdown,im 53 my wife is 54 our 1 4 million retirement nest egg is 100 in equities and crypto what should i do now for retirement,bitcoin drops under key 60 000 level while shiba inu sees double digit gain as robinhood petition gathers pace,shiba inu is the third most googled crypto in 2021 new study shows
20211028,as shiba inu dogecoin vie for meme primacy a pair of crypto exchanges take top spots on apples app store,im 53 my wife is 54 our 1 4 million retirement nest egg is 100 in equities and crypto what should i do now for retirement
20211029,im 53 my wife is 54 our 1 4 million retirement nest egg is 100 in equities and crypto what should i do now for retirement
20211030,worlds richest 29 year old says biggest risk to crypto is a cascade combining a big crash liquidations and u s regulatory crackdown,im 53 my wife is 54 our 1 4 million retirement nest egg is 100 in equities and crypto what should i do now for retirement
20211031,im 53 my wife is 54 our 1 4 million retirement nest egg is 100 in equities and crypto what should i do now for retirement
20211101,worlds richest 29 year old says biggest risk to crypto is a cascade combining a big crash liquidations and u s regulatory crackdown,almost half of millennials are comfortable investing in cryptocurrencies bankrate,worlds largest crypto exchange binance suspends crypto withdrawal
20211102
20211103,what suze orman mark cuban and elon musk all agree on when it comes to investing in cryptocurrency
20211104,a major crypto exchanges ceo is set on holding shiba inu crypto long term despite its recent tumble heres why,sec cyber chief warns the agency is very focused on policing crypto exchanges,square sees bitcoin demand slow in third quarter but pick up again in october,investing in crypto what crypto regulators need to realize about stablecoins and other highlights
20211105,kroger confirms news of the grocer accepting bitcoin was fraudulent 2021 11,largest cryptocurrencies mixed as bitcoin cash increases 01636120846,a major crypto exchanges ceo is set on holding shiba inu crypto long term despite its recent tumble heres why,square sees bitcoin demand slow in third quarter but pick up again in october,new york city mayor elect eric adams says his first three paychecks will be in bitcoin,fake report of kroger accepting bitcoin cash points to demand for regulatory protection and caution of investors experts say,bitcoin cash price spikes falls following kroger fraud
20211106,a major crypto exchanges ceo is set on holding shiba inu crypto long term despite its recent tumble heres why,fake report of kroger accepting bitcoin cash points to demand for regulatory protection and caution of investors experts say,square sees bitcoin demand slow in third quarter but pick up again in october,new york city mayor elect eric adams says his first three paychecks will be in bitcoin
20211107,a major crypto exchanges ceo is set on holding shiba inu crypto long term despite its recent tumble heres why,fake report of kroger accepting bitcoin cash points to demand for regulatory protection and caution of investors experts say
20211108,heres how the infrastructure bill targets crypto and how the industry could fight back
20211109,the best way to own bitcoin now buy and hodl,crypto reasonable to own as part of a diversified portfolio but dont expect apple to take bitcoin payment soon says tim cook,coinbase stock plunges from record high after revenue suffers from cryptos summer slowdown,heres how the infrastructure bill targets crypto and how the industry could fight back
20211110,heres exactly what kind of crypto mark cuban jack dorsey and suze orman actually own,sec blocks inflation protected crypto token
20211111,some hedge funds are seeing ether as an inflation hedge a crypto brokerages ceo explains why,heres exactly what kind of crypto mark cuban jack dorsey and suze orman actually own
20211112,weekend reads can bitcoin protect you from inflation
20211113,weekend reads can bitcoin protect you from inflation,some hedge funds are seeing ether as an inflation hedge a crypto brokerages ceo explains why,bitcoin creator satoshi nakamoto could be unmasked at florida trial
20211114,the best way to own bitcoin now buy and hodl,bitcoin creator satoshi nakamoto could be unmasked at florida trial,amc officially begins accepting bitcoin and other cryptocurrencies says ceo on twitter
20211115,kyle bass says the big money has been made in bitcoin this is where investors need to put cash next
20211116,largest cryptocurrencies drop on litecoin bitcoin cash decreases 01637074865,has the crypto winter arrived bitcoin slides back to 60 000 ether under pressure,bitcoin price boom is helping sustain ransomware hackers fbi says,vaneck to launch bitcoin futures etf on tuesday while spot bitcoin etf remains elusive
20211117,can you leave cryptocurrency to your heirs heres how to do it safely,gen z is wildly unrealistic about how much money stocks crypto and other investments will give them for retirement
20211118,crypto group raises over 40 million to bid on rare copy of the u s constitution,some crypto companies frown on infrastructure law while some financial advisors cheer for it,bitcoin linked fund from proshares logs worst weekly etf performance as crypto prices slump,largest cryptocurrencies fall as polkadot declines 01637247662,gen z is wildly unrealistic about how much money stocks crypto and other investments will give them for retirement,bitcoin miner iris energys stock to start trading after ipo priced above the expected range
20211119,weekend reads after bitcoins awful week where will it go next,gen z is wildly unrealistic about how much money stocks crypto and other investments will give them for retirement
20211120,weekend reads after bitcoins awful week where will it go next,gen z is wildly unrealistic about how much money stocks crypto and other investments will give them for retirement
20211121,el salvador to build bitcoin city powered by volcanos geothermal energy,gen z is wildly unrealistic about how much money stocks crypto and other investments will give them for retirement
20211122,el salvador to issue 1 billion in bitcoin bonds next year,gen z is wildly unrealistic about how much money stocks crypto and other investments will give them for retirement
20211123,bidens new fed could be a boon for crypto experts say,j r r tolkien estate to jrr token cryptocurrency you shall not pass,gen z is wildly unrealistic about how much money stocks crypto and other investments will give them for retirement
20211124,gen z is wildly unrealistic about how much money stocks crypto and other investments will give them for retirement
20211125,gen z is wildly unrealistic about how much money stocks crypto and other investments will give them for retirement
20211126,major cryptocurrencies tumble amid concern about new covid variant,largest cryptocurrencies drop on litecoin bitcoin cash declines 01637938863,gen z is wildly unrealistic about how much money stocks crypto and other investments will give them for retirement,bidens new fed could be a boon for crypto experts say,interest rate markets may have biggest impact on bitcoin in near term this asset manager says
20211127,interest rate markets may have biggest impact on bitcoin in near term this asset manager says,gen z is wildly unrealistic about how much money stocks crypto and other investments will give them for retirement,if youre wary here are 3 ways to get into crypto without actually buying it
20211128,interest rate markets may have biggest impact on bitcoin in near term this asset manager says,gen z is wildly unrealistic about how much money stocks crypto and other investments will give them for retirement
20211129,interest rate markets may have biggest impact on bitcoin in near term this asset manager says,crypto community ponders jack dorseys next move as he steps down as twitters ceo,gen z is wildly unrealistic about how much money stocks crypto and other investments will give them for retirement
20211130,bitcoin trades more like a risk asset than inflation hedge as powell signals faster taper analyst says,good doge crypto fans are naming their dogs doge and cats bitcoin and elon,gen z is wildly unrealistic about how much money stocks crypto and other investments will give them for retirement,how do i bank my crypto so i can spend it here are the benefits and barriers of some new services for digital currency,most big cryptocurrencies rise on ethereum uniswap increases 01638284462
20211201,gen z is wildly unrealistic about how much money stocks crypto and other investments will give them for retirement,good doge crypto fans are naming their dogs doge and cats bitcoin and elon,crypto exchanges thought they could throw a fastball by the sec but enforcement is coming chairs gensler clayton warn,most large cryptocurrencies rise on uniswap litecoin increases 01638370865
20211202,im 53 my wife is 54 our 1 4 million retirement nest egg is 100 in equities and crypto what should i do now for retirement,its going to be very obvious that every bank needs to become a crypto bank says ceo of bank to nab 1st federal charter for digital assets
20211203
20211204,a perfect storm as bitcoin stages weekend crash that puts it on verge of breakdown heres what crypto bulls are saying,bitcoin price tumbles after wall street selloff
20211205,a perfect storm as bitcoin stages weekend crash that puts it on verge of breakdown heres what crypto bulls are saying
20211206,crypto has had a rough few days the biggest test is still to come morgan stanley strategists say,hackers steal at least 150 million in assets from crypto platform bitmart,craig wright wins dispute over 50 billion in bitcoin but identity of bitcoins founder still unproven,bitcoin linked etf heads for worst day since its october debut as crypto fights to recover from saturday swoon
20211207
20211208,republican lawmakers embrace crypto as web 3 0 democrats worry over investor protection in digital asset hearing,look at it like youre a gambler walking into a casino heres exactly how much of your nest egg financial pros say should be invested in crypto
20211209,why bitcoin may face another 20 plunge in coming weeks as risk is heightened says prominent technical analyst were watching 37 000,to the moon cryptocurrency was the most popular reddit topic this year,forget crypto some etf providers bet that this 800 billion industry in 2024 is fund investings new frontier
20211210
20211211
20211212
20211213
20211214,a single bitcoin briefly made some investors quadrillionaires on paper today heres how the crypto community reacted to the erroneous quotes,coinbase coinmarketcap briefly display erratic cryptocurrency price action,most big cryptocurrencies rise as dogecoin soars 01639494063,the crypto market is uneasy about the fed meeting hot inflation reading heres why
20211215,bitcoin trades sideways ahead of fed decision,feds powell says he doesnt see cryptocurrencies as financial stability concern
20211216,largest cryptocurrencies drop on uniswap bitcoin declines 01639666864,one of cryptos brightest stars is leaving venture capital powerhouse andreessen horowitz to start her own firm,feds powell says he doesnt see cryptocurrencies as financial stability concern,bitcoin is so 2021 heres why some institutions are set to bypass the no 1 crypto and invest in ethereum other blockchains next year
20211217,financial stability risks are elevated as climate covid and crypto dangers rise u s says,planning to donate crypto in 2021 heres some money saving tax tips to know,ethereum leads way as largest cryptocurrencies drop 01639753263,bitcoin is so 2021 heres why some institutions are set to bypass the no 1 crypto and invest in ethereum other blockchains next year
20211218,financial stability risks are elevated as climate covid and crypto dangers rise u s says,planning to donate crypto in 2021 heres some money saving tax tips to know
20211219,planning to donate crypto in 2021 heres some money saving tax tips to know
20211220,planning to donate crypto in 2021 heres some money saving tax tips to know
20211221,no longer just bitcoin and ether crypto industry braces for wider adoption more competition and perhaps regulatory clarity in 2022,planning to donate crypto in 2021 heres some money saving tax tips to know
20211222,heres what i got right and wrong on stocks bitcoin and china this year and my predictions for 2022,planning to donate crypto in 2021 heres some money saving tax tips to know
20211223,planning to donate crypto in 2021 heres some money saving tax tips to know,i teach cryptocurrency at uc berkeleys haas school of business here are 3 things every new crypto investor needs to know
20211224,heres what i got right and wrong on stocks bitcoin and china this year and my predictions for 2022,planning to donate crypto in 2021 heres some money saving tax tips to know,no longer just bitcoin and ether crypto industry braces for wider adoption more competition and perhaps regulatory clarity in 2022,i teach cryptocurrency at uc berkeleys haas school of business here are 3 things every new crypto investor needs to know
20211225,heres what i got right and wrong on stocks bitcoin and china this year and my predictions for 2022,planning to donate crypto in 2021 heres some money saving tax tips to know,no longer just bitcoin and ether crypto industry braces for wider adoption more competition and perhaps regulatory clarity in 2022,i teach cryptocurrency at uc berkeleys haas school of business here are 3 things every new crypto investor needs to know
20211226,heres what i got right and wrong on stocks bitcoin and china this year and my predictions for 2022,planning to donate crypto in 2021 heres some money saving tax tips to know,no longer just bitcoin and ether crypto industry braces for wider adoption more competition and perhaps regulatory clarity in 2022
20211227,i was devastated to find out my husband led a double life he had 50 000 in joint bank and bitcoin accounts with his secret girlfriend can i claim this money,planning to donate crypto in 2021 heres some money saving tax tips to know
20211228,i was devastated to find out my husband led a double life he had 50 000 in joint bank and bitcoin accounts with his secret girlfriend can i claim this money,planning to donate crypto in 2021 heres some money saving tax tips to know
20211229,i was devastated to find out my husband led a double life he had 50 000 in joint bank and bitcoin accounts with his secret girlfriend can i claim this money,planning to donate crypto in 2021 heres some money saving tax tips to know
20211230,i was devastated to find out my husband led a double life he had 50 000 in joint bank and bitcoin accounts with his secret girlfriend can i claim this money,planning to donate crypto in 2021 heres some money saving tax tips to know
20211231,i was devastated to find out my husband led a double life he had 50 000 in joint bank and bitcoin accounts with his secret girlfriend can i claim this money,planning to donate crypto in 2021 heres some money saving tax tips to know
20220101,i was devastated to find out my husband led a double life he had 50 000 in joint bank and bitcoin accounts with his secret girlfriend can i claim this money,planning to donate crypto in 2021 heres some money saving tax tips to know
20220102,i was devastated to find out my husband led a double life he had 50 000 in joint bank and bitcoin accounts with his secret girlfriend can i claim this money,bitcoins computational power may double in 2022 a major miner says,planning to donate crypto in 2021 heres some money saving tax tips to know
20220103,i was devastated to find out my husband led a double life he had 50 000 in joint bank and bitcoin accounts with his secret girlfriend can i claim this money,tesla beat bitcoin over the past year so did 124 others in the s p 500,planning to donate crypto in 2021 heres some money saving tax tips to know
20220104,how wall streets top billionaire dealmaker learned to love cryptocurrencies,bitcoin dominance lowest since may 2018 starts off 2022 underperforming smaller cryptocurrencies,how to choose the right cryptocurrency for you to invest in 2022,planning to donate crypto in 2021 heres some money saving tax tips to know,matt damons crypto commercial is getting roasted on twitter,former cftc chairman blasts biden approach to crypto regulation as reactionary
20220105,goldman sachs thinks bitcoin can get to 100 000 heres how,bitcoin ether tumble after fed minutes show talk of quicker end to easy policy stance
20220106,im not nervous in the medium term but were going to have a lot of volatility says crypto bull novogratz as bitcoin adds to fed fueled tumble,i was devastated to find out my husband led a double life he had 50 000 in joint bank and bitcoin accounts with his secret girlfriend can i claim this money,why bitcoin ether and other cryptocurrencies plummeted following hawkish fed minutes
20220107,i was devastated to find out my husband led a double life he had 50 000 in joint bank and bitcoin accounts with his secret girlfriend can i claim this money
20220108
20220109
20220110,secs gensler wont say whether ether is a security amid crypto market slide,more than 1 in 10 first time home buyers sold crypto to fund down payments heres what to know before you do it,how wall streets top billionaire dealmaker learned to love cryptocurrencies
20220111,bitcoin is trading in tandem with stocks this chart shows that relationship as markets face a more hawkish fed,more than 1 in 10 first time home buyers sold crypto to fund down payments heres what to know before you do it,kim kardashian and floyd mayweather jr sued for allegedly making false statements about the crypto ethereummax
20220112,more than 1 in 10 first time home buyers sold crypto to fund down payments heres what to know before you do it,damn santa didnt take the transitory inflation away quips bitcoin booster jack dorsey as cpi surges to 40 year high
20220113,why so many people even crypto fans are buying rare coins prices are at never before seen highs,the irs will ask every taxpayer about crypto transactions this tax season heres how to report them
20220114,crypto job openings surge 395 in a year with miami austin and denver emerging as new hubs
20220115,more than 1 in 10 first time home buyers sold crypto to fund down payments heres what to know before you do it,the irs will ask every taxpayer about crypto transactions this tax season heres how to report them,craig is satoshi a former online gambling moguls contentious campaign to change bitcoins future,different crypto will be less correlated as healthcare stocks wont move in the same way gold etf moves a crypto asset manager says,we absolutely believe ether surpassing bitcoins total market value can happen this year says etf expert the bull case is an etherum etf in 2022,why so many people even crypto fans are buying rare coins prices are at never before seen highs,kim kardashian and floyd mayweather jr sued for allegedly making false statements about the crypto ethereummax
20220116,different crypto will be less correlated as healthcare stocks wont move in the same way gold etf moves a crypto asset manager says,why so many people even crypto fans are buying rare coins prices are at never before seen highs,more than 1 in 10 first time home buyers sold crypto to fund down payments heres what to know before you do it,the irs will ask every taxpayer about crypto transactions this tax season heres how to report them
20220117,more than 1 in 10 first time home buyers sold crypto to fund down payments heres what to know before you do it
20220118,more than 50 of top crypto companies call u s home despite intensifying regulation study shows
20220119,gen z is wildly unrealistic about how much money stocks crypto and other investments will give them for retirement
20220120,gen z is wildly unrealistic about how much money stocks crypto and other investments will give them for retirement
20220121,nft market booms while crypto market remains sluggish heres why,the irs will ask every taxpayer about crypto transactions this tax season heres how to report them,what do coke tesla crypto and nfts have in common investors who take crazy to a whole new level,bitcoin drops below 40 000 amid crypto slide after russia proposes ban,gen z is wildly unrealistic about how much money stocks crypto and other investments will give them for retirement,twitters new nft profile feature ruffles feathers in crypto community including those of elon musk
20220122,nft market booms while crypto market remains sluggish heres why,the irs will ask every taxpayer about crypto transactions this tax season heres how to report them,what do coke tesla crypto and nfts have in common investors who take crazy to a whole new level,gen z is wildly unrealistic about how much money stocks crypto and other investments will give them for retirement,bitcoin slumps with stocks and is now down 50 from all time high,twitters new nft profile feature ruffles feathers in crypto community including those of elon musk
20220123,what do coke tesla crypto and nfts have in common investors who take crazy to a whole new level,gen z is wildly unrealistic about how much money stocks crypto and other investments will give them for retirement,bitcoin slumps with stocks and is now down 50 from all time high,the irs will ask every taxpayer about crypto transactions this tax season heres how to report them
20220124,gen z is wildly unrealistic about how much money stocks crypto and other investments will give them for retirement,bitcoins important support level sits at 30 000 as bear market plunge grips crypto sector,nfls odell beckham jr took his 750 000 salary in bitcoin how much did it end up costing him,largest cryptocurrencies drop on uniswap ethereum declines 01643036464
20220125,bitcoins dead cat bounce here are the signs that may indicate price bottoms analysts say,crypto bull says i look at the stock market and it is just starting to correct and that worries me more we could see another 20 fall for the nasdaq,gen z is wildly unrealistic about how much money stocks crypto and other investments will give them for retirement,nfls odell beckham jr took his 750 000 salary in bitcoin how much did it end up costing him,imf urges el salvador to end bitcoins legal tender status as the crypto loses half of its value since november
20220126,largest cryptocurrencies climb on ethereum cardano increases 01643209263,warren buffett is teaching meme stock players crypto traders and other naysayers some hard lessons about why market fundamentals still apply,gen z is wildly unrealistic about how much money stocks crypto and other investments will give them for retirement,nfls odell beckham jr took his 750 000 salary in bitcoin how much did it end up costing him,bitcoin trades up briefly near 39 000 after federal reserve keeps interest rates near zero expects hikes soon
20220127,easter bunny cartoon cash how bill maher called the bitcoin crash,goldman sachs alums new cryptocurrency platform offers social sentiment for investing,warren buffett is teaching meme stock players crypto traders and other naysayers some hard lessons about why market fundamentals still apply,facebooks foray into crypto is quietly ending,gen z is wildly unrealistic about how much money stocks crypto and other investments will give them for retirement,crypto crash what it means for your digital asset portfolio,nfls odell beckham jr took his 750 000 salary in bitcoin how much did it end up costing him
20220128,crypto community rallies to thwart latest threats from washington,gen z is wildly unrealistic about how much money stocks crypto and other investments will give them for retirement,lebron james partners with crypto com to teach kids blockchain technology
20220129,crypto crash what it means for your digital asset portfolio,gen z is wildly unrealistic about how much money stocks crypto and other investments will give them for retirement
20220130,crypto collapse has echoes of the subprime crash says nobel laureate risks disproportionately fall on those who dont know what they are getting into,crypto crash what it means for your digital asset portfolio,gen z is wildly unrealistic about how much money stocks crypto and other investments will give them for retirement
20220131,gen z is wildly unrealistic about how much money stocks crypto and other investments will give them for retirement
20220201,bitcoin is powerful but can it predict nasdaq and s p 500 corrections and rallies,gen z is wildly unrealistic about how much money stocks crypto and other investments will give them for retirement,consumer fraud victims are losing more of their money and crypto related scams are a fast growing reason,the fed is both too cautious about digital dollars and too nonchalant about private cryptocurrencies,the sec is illogical in its continued refusal to ok a bitcoin etf,heres how much bitcoin ethereum and other crypto prices changed in january
20220202,gen z is wildly unrealistic about how much money stocks crypto and other investments will give them for retirement
20220203,microstrategy ceo views stock favorably as a bitcoin play but says it should clearly be valued for its software business,gen z is wildly unrealistic about how much money stocks crypto and other investments will give them for retirement
20220204,congresss crypto traders the u s lawmakers who buy and sell digital currencies,gen z is wildly unrealistic about how much money stocks crypto and other investments will give them for retirement,why do some people call bitcoin a religion,tax season does irs know if you trade crypto is your nft sale or mining income taxable,why is bitcoin rallying 10 friday crypto clambers to perch above 40 000 following jobs report
20220205,congresss crypto traders the u s lawmakers who buy and sell digital currencies,these money and investing tips can make the crypto market less cryptic,bitcoin is powerful but can it predict nasdaq and s p 500 corrections and rallies,gen z is wildly unrealistic about how much money stocks crypto and other investments will give them for retirement,consumer fraud victims are losing more of their money and crypto related scams are a fast growing reason,why do some people call bitcoin a religion,tax season does irs know if you trade crypto is your nft sale or mining income taxable
20220206,congresss crypto traders the u s lawmakers who buy and sell digital currencies,why do some people call bitcoin a religion,gen z is wildly unrealistic about how much money stocks crypto and other investments will give them for retirement,consumer fraud victims are losing more of their money and crypto related scams are a fast growing reason
20220207,coinbase gemini binance us how 3 of the top crypto brokers compare,gen z is wildly unrealistic about how much money stocks crypto and other investments will give them for retirement
20220208,ukrainians are using bitcoin to crowdfund russian war says blockchain analyst,new york hipster duo charged in mega bitcoin heist were serial entrepreneurs who used startups to launder money prosecutors say,is it better to get your tax refund in crypto i bonds or hard cash financial advisers weigh in,crypto is like the 1990s internet nearing a hyper adoption phase wells fargo says,gen z is wildly unrealistic about how much money stocks crypto and other investments will give them for retirement,feds arrest two and seize 3 6 billion in bitcoin stolen in 2016 hack of bitfinex exchange,forecaster who called bitcoins skyscraper top says this company remains the smartest digital fintech play
20220209,hipster cryptocouple charged in billion dollar bitcoin heist still have secret stash of 328 million and searched the dark web for phony passports feds say,new york hipster duo charged in mega bitcoin heist were serial entrepreneurs who used startups to launder money prosecutors say,is it better to get your tax refund in crypto i bonds or hard cash financial advisers weigh in,gen z is wildly unrealistic about how much money stocks crypto and other investments will give them for retirement,super bowl commercials will include crypto ads for the first time ever
20220210,pulled from the pages of a spy novel crypto couple had russian bank accounts and traveled to ukraine to collect fake ids feds say,hipster cryptocouple charged in billion dollar bitcoin heist still have secret stash of 328 million and searched the dark web for phony passports feds say,new york hipster duo charged in mega bitcoin heist were serial entrepreneurs who used startups to launder money prosecutors say,is it better to get your tax refund in crypto i bonds or hard cash financial advisers weigh in,gen z is wildly unrealistic about how much money stocks crypto and other investments will give them for retirement,super bowl commercials will include crypto ads for the first time ever
20220211,is it better to get your tax refund in crypto i bonds or hard cash financial advisers weigh in,gen z is wildly unrealistic about how much money stocks crypto and other investments will give them for retirement
20220212,is it better to get your tax refund in crypto i bonds or hard cash financial advisers weigh in,super bowl commercials will include crypto ads for the first time ever,gen z is wildly unrealistic about how much money stocks crypto and other investments will give them for retirement
20220213,is it better to get your tax refund in crypto i bonds or hard cash financial advisers weigh in,super bowl commercials will include crypto ads for the first time ever,gen z is wildly unrealistic about how much money stocks crypto and other investments will give them for retirement
20220214,coinbase gemini binance us how 3 of the top crypto brokers compare,is it better to get your tax refund in crypto i bonds or hard cash financial advisers weigh in,super bowl crypto ads qr code or larry david heres how social media reacts,gen z is wildly unrealistic about how much money stocks crypto and other investments will give them for retirement,look at it like youre a gambler walking into a casino heres exactly how much of your nest egg financial pros say should be invested in crypto,crypto companies spent millions on super bowl ads but it didnt lift bitcoin prices monday
20220215,pulled from the pages of a spy novel crypto couple had russian bank accounts and traveled to ukraine to collect fake ids feds say,coinbase gemini binance us how 3 of the top crypto brokers compare,is it better to get your tax refund in crypto i bonds or hard cash financial advisers weigh in,gen z is wildly unrealistic about how much money stocks crypto and other investments will give them for retirement,crypto companies ramp up lobbying effort as regulators tighten oversight heres how much coinbase ripple and binance paid in 2021,sec probes trading firm affiliates of crypto giant binances u s arm
20220216,is it better to get your tax refund in crypto i bonds or hard cash financial advisers weigh in,gen z is wildly unrealistic about how much money stocks crypto and other investments will give them for retirement
20220217,russian invasion of ukraine could add 10 15 selling pressure on crypto analyst says as bitcoin plunges 8,gary gensler wants to bring the publics trust back to the stock market and even to crypto,is it better to get your tax refund in crypto i bonds or hard cash financial advisers weigh in,gen z is wildly unrealistic about how much money stocks crypto and other investments will give them for retirement,sec probes trading firm affiliates of crypto giant binances u s arm
20220218,is it better to get your tax refund in crypto i bonds or hard cash financial advisers weigh in,she is his light friends and relatives of crypto couple paint picture of deep love and strong family ties in plea for bail,gen z is wildly unrealistic about how much money stocks crypto and other investments will give them for retirement
20220219,is it better to get your tax refund in crypto i bonds or hard cash financial advisers weigh in,gen z is wildly unrealistic about how much money stocks crypto and other investments will give them for retirement,tech employers in ukraine are preparing for the worst including crypto in lieu of cash
20220220,is it better to get your tax refund in crypto i bonds or hard cash financial advisers weigh in,gen z is wildly unrealistic about how much money stocks crypto and other investments will give them for retirement,tech employers in ukraine are preparing for the worst including crypto in lieu of cash
20220221,is it better to get your tax refund in crypto i bonds or hard cash financial advisers weigh in,gen z is wildly unrealistic about how much money stocks crypto and other investments will give them for retirement,tech employers in ukraine are preparing for the worst including crypto in lieu of cash
20220222
20220223,is it better to get your tax refund in crypto i bonds or hard cash financial advisers weigh in,gen z is wildly unrealistic about how much money stocks crypto and other investments will give them for retirement
20220224,is it better to get your tax refund in crypto i bonds or hard cash financial advisers weigh in,coinbase stock falls as crypto platform casts doubt on q1,bitcoin digital gold or the ultimate risk asset ukraine invasion puts the cryptos long term value to the test,gen z is wildly unrealistic about how much money stocks crypto and other investments will give them for retirement
20220225,is it better to get your tax refund in crypto i bonds or hard cash financial advisers weigh in,gen z is wildly unrealistic about how much money stocks crypto and other investments will give them for retirement
20220226,swift banking sanction against russia raises regulatory risk for crypto regs analyst,is it better to get your tax refund in crypto i bonds or hard cash financial advisers weigh in,gen z is wildly unrealistic about how much money stocks crypto and other investments will give them for retirement
20220227,is it better to get your tax refund in crypto i bonds or hard cash financial advisers weigh in,gen z is wildly unrealistic about how much money stocks crypto and other investments will give them for retirement
20220228,gen z is wildly unrealistic about how much money stocks crypto and other investments will give them for retirement,is it better to get your tax refund in crypto i bonds or hard cash financial advisers weigh in,bitcoin rallies above 41 000 to one week high as u s and allies levy latest sanctions against russia,can russia use cryptocurrencies to evade western sanctions likely to some extent but its very hard to do at scale says one analyst
20220301,has the russia ukraine war driven up bitcoins price heres what analysts are saying,is it better to get your tax refund in crypto i bonds or hard cash financial advisers weigh in,gen z is wildly unrealistic about how much money stocks crypto and other investments will give them for retirement,can russia use cryptocurrencies to evade western sanctions likely to some extent but its very hard to do at scale says one analyst
20220302,is it better to get your tax refund in crypto i bonds or hard cash financial advisers weigh in,crypto couple wife heather razzlekhan morgan hires her own defense lawyer and splits from her husbands defense team,ukrainian government promises to reward crypto donors with air drop continues calls on u s tech industry to pressure russia,gen z is wildly unrealistic about how much money stocks crypto and other investments will give them for retirement
20220303,is it better to get your tax refund in crypto i bonds or hard cash financial advisers weigh in,gen z is wildly unrealistic about how much money stocks crypto and other investments will give them for retirement
20220304,is it better to get your tax refund in crypto i bonds or hard cash financial advisers weigh in,russias invasion of ukraine is bitcoins first big test to topple gold as a safe haven,gen z is wildly unrealistic about how much money stocks crypto and other investments will give them for retirement
20220305,is it better to get your tax refund in crypto i bonds or hard cash financial advisers weigh in,russias invasion of ukraine is bitcoins first big test to topple gold as a safe haven,crypto market needs 2 3 months to stabilize before a more sustainable recovery analyst says as bitcoin falls below 40 000,gen z is wildly unrealistic about how much money stocks crypto and other investments will give them for retirement
20220306,is it better to get your tax refund in crypto i bonds or hard cash financial advisers weigh in,russias invasion of ukraine is bitcoins first big test to topple gold as a safe haven,gen z is wildly unrealistic about how much money stocks crypto and other investments will give them for retirement
20220307,gen z is wildly unrealistic about how much money stocks crypto and other investments will give them for retirement,crypto allows ukraine to raise donations for its military defense against russia more efficiently says deputy minster bornyakov,is it better to get your tax refund in crypto i bonds or hard cash financial advisers weigh in,bitcoin drops to lowest level in a week as the dow heads for first correction since 2020
20220308,is it better to get your tax refund in crypto i bonds or hard cash financial advisers weigh in,gen z is wildly unrealistic about how much money stocks crypto and other investments will give them for retirement
20220309,the barksdales of broadway brother sister team accused of alleged 124 million crypto con they advertised with times square billboard,is it better to get your tax refund in crypto i bonds or hard cash financial advisers weigh in,gen z is wildly unrealistic about how much money stocks crypto and other investments will give them for retirement
20220310
20220311
20220312
20220313
20220314,crypto exchange revenue grew 700 in 2021 surpassing traditional exchanges like nyse report
20220315
20220316,bitcoin trading like a ping pong match says investor as fed kicks off a series of interest rate hikes
20220317
20220318
20220319
20220320
20220321,husband wife crypto couple discussing plea deal with prosecutors in 4 5 billion bitcoin heist court filing,ray dalio said he held some bitcoin now bridgewater is reportedly preparing to back a crypto fund for the first time
20220322
20220323
20220324
20220325
20220326,the irs will ask every taxpayer about crypto transactions this tax season heres how to report them
20220327
20220328
20220329,the irs will ask every taxpayer about crypto transactions this tax season heres how to report them
20220330,cryptos latest promise lowering home mortgage costs
20220331,sec to crypto platforms your accounting practices arent up to snuff,ethereums major upgrade is coming should you be more bullish on it than bitcoin,cryptos latest promise lowering home mortgage costs
